{
  "v0": 0.001,
  "kappa": 0.1,
  "theta": 0.040213058559507894,
  "sigma_v": 0.01,
  "rho": -0.47611459616606133,
  "lambda_j": 0.2,
  "mu_j": -0.3,
  "sigma_j": 0.01
}