{
  "v0": 0.031155916664611375,
  "kappa": 2.003650831316524,
  "theta": 0.032804279810155865,
  "sigma_v": 0.1476305272964001,
  "rho": -0.7562734614171859,
  "lambda_j": 0.2,
  "mu_j": -0.3,
  "sigma_j": 0.1172879777879128
}