{
    "v0": 0.00014762125933559663,
    "kappa": 1.8210854034690738,
    "theta": 0.00014651935503556427,
    "sigma_v": 0.9999999977648009,
    "rho": -0.9899999846621513,
    "lambda_j": 0.2,
    "mu_j": -0.2,
    "sigma_j": 0.01
}