{
  "v0": 0.001,
  "kappa": 1.9943726154767967,
  "theta": 0.37579898725339256,
  "sigma_v": 0.2651666726786558,
  "rho": -0.99,
  "lambda_j": 0.2,
  "mu_j": -0.3,
  "sigma_j": 0.01
}