{
  "v0": 0.050676366064590056,
  "kappa": 1.9990963477837256,
  "theta": 0.05820414237135132,
  "sigma_v": 0.5760312392086706,
  "rho": -0.7889544164356456,
  "lambda_j": 0.2,
  "mu_j": -0.3,
  "sigma_j": 0.3038616115428161
}