{
  "v0": 0.0010059811456922716,
  "kappa": 0.10000000222979732,
  "theta": 0.010000015027963065,
  "sigma_v": 0.9999999981874044,
  "rho": -0.9899996947112911,
  "lambda_j": 0.2,
  "mu_j": -0.3,
  "sigma_j": 0.01
}