{
  "v0": 0.2479696396093078,
  "kappa": 2.0198680902085973,
  "theta": 0.02054868582332752,
  "sigma_v": 1.0,
  "rho": -0.99,
  "lambda_j": 0.2,
  "mu_j": -0.07734840690360639,
  "sigma_j": 0.409677657103212
}