{
  "v0": 0.27309089752458326,
  "kappa": 1.9999720866483026,
  "theta": 0.20488986629011915,
  "sigma_v": 0.30058305851457373,
  "rho": -0.7018285109519653,
  "lambda_j": 0.2,
  "mu_j": -0.3,
  "sigma_j": 0.19876597039931257
}